chunkSize, execTime
10,33.707487
30,31.645738
100,31.170377
300,31.063463
1000,31.025801
3000,31.010219
10000,30.999505
30000,30.994260
100000,30.992962
300000,31.712996
1000000,32.842545
3000000,50.180797
