rank,calcTime,waitTime,commTime
0,0.706251,0.034320,0.001118
1,0.623194,0.117756,0.000433
2,0.741026,0.000015,0.000691
3,0.707566,0.033424,0.001119
